Source,Target,Brand,Kategori
bontengatah,rumahsenja_,Lazada,E-Commerce
ShopeeID,ziwonist_,Lazada,E-Commerce
ShopeeID,ShopeeCare,Lazada,E-Commerce
ShopeeID,ShopeeCare,Lazada,E-Commerce
ShopeeID,ryuticc,Lazada,E-Commerce
ShopeeID,Shopeecare,Lazada,E-Commerce
ShopeeID,shopeeID,Lazada,E-Commerce
PosIndonesia,_alyrae,Lazada,E-Commerce
mungilinium,bierusky,Lazada,E-Commerce
Ichafaaizah,kurcanci,Lazada,E-Commerce
PosIndonesia,elsusanto,Lazada,E-Commerce
ade__rz,NayDonuts,Lazada,E-Commerce
dannycawan,ShopeeCare,Lazada,E-Commerce
dannycawan,ShopeeID,Lazada,E-Commerce
dannycawan,aquaelektronik,Lazada,E-Commerce
bellizngham,thejurgenholic,Lazada,E-Commerce
dukeofsemarang,SeaBankID,Lazada,E-Commerce
icedchocomilk,LazadaID,Lazada,E-Commerce
mambarraa,monggomonggo22,Lazada,E-Commerce
ekologic4,LambeSahamjja,Lazada,E-Commerce
icedchocomilk,bierusky,Lazada,E-Commerce
myskill_id,tanyarlfes,Lazada,E-Commerce
Telkomsel,LLL2813,Lazada,E-Commerce
Telkomsel,LLL2813,Lazada,E-Commerce
agoda,nayapypup,Lazada,E-Commerce
xanaxx2mg,zarcastelo,Lazada,E-Commerce
detikcom,detikkalimantan,Lazada,E-Commerce
Telkomsel,ziera00000,Lazada,E-Commerce
Telkomsel,ziera00000,Lazada,E-Commerce
ShopeeID,2026masihwaras,Lazada,E-Commerce
ShopeeID,Shopeeid,Lazada,E-Commerce
ShopeeID,Shopeecareid,Lazada,E-Commerce
562ryul,jaeeayam,Lazada,E-Commerce
agung_e_f,rizkidwika,Lazada,E-Commerce
lionparcel_,grok,Lazada,E-Commerce
lionparcel_,MediaKonsumenID,Lazada,E-Commerce
detikcom,detikjatim_,Lazada,E-Commerce
detikcom,detikjatengcom,Lazada,E-Commerce
detikcom,detiksumut_,Lazada,E-Commerce
detikcom,detikjabar_,Lazada,E-Commerce
Telkomsel,lytaejeon,Lazada,E-Commerce
Telkomsel,lytaejeon,Lazada,E-Commerce
midnightlovz,LapakRMB,Lazada,E-Commerce
itslyanda,idextratime,Lazada,E-Commerce
ymksupremacy,matchacaw_,Lazada,E-Commerce
LazadaID,LazadaID,Lazada,E-Commerce
zkimjamal,convomf,Lazada,E-Commerce
LazadaID,LazadaID,Lazada,E-Commerce
LazadaID,LazadaID,Lazada,E-Commerce
indosatim3,seilamiavita_,Lazada,E-Commerce
pln_123,miawmiaaawmiaw,Lazada,E-Commerce
pln_123,miawmiaaawmiaw,Lazada,E-Commerce
cartbyhshpaw,LapakRMB,Lazada,E-Commerce
pamjaya_dki,NQza17,Lazada,E-Commerce
IndiHome,caramel00ve,Lazada,E-Commerce
IndiHome,caramel00ve,Lazada,E-Commerce
LazadaID,LazadaID,Lazada,E-Commerce
Telkomsel,daequbaes,Lazada,E-Commerce
Telkomsel,daequbaes,Lazada,E-Commerce
detikcom,sigitbagasp,Lazada,E-Commerce
detikcom,detikjatim_,Lazada,E-Commerce
joonghyyuk,tiket,Lazada,E-Commerce
pln_123,zzcozyboyszz,Lazada,E-Commerce
pln_123,aannnjjggg,Lazada,E-Commerce
pln_123,infoPLN,Lazada,E-Commerce
pln_123,infoBMKG,Lazada,E-Commerce
pln_123,KingJames,Lazada,E-Commerce
pln_123,0tk0il,Lazada,E-Commerce
pln_123,zzcozyboyszz,Lazada,E-Commerce
tokopidia,idextratime,Lazada,E-Commerce
pln_123,kyailesranstore,Lazada,E-Commerce
pln_123,kyailesranstore,Lazada,E-Commerce
OinkParkerr,RFritzy_JKT48,Lazada,E-Commerce
MediaKonsumenID,grok,TikTok Shop,E-Commerce
MediaKonsumenID,jntexpressid,TikTok Shop,E-Commerce
MediaKonsumenID,TikTokShop_IDN,TikTok Shop,E-Commerce
MediaKonsumenID,tokopedia,TikTok Shop,E-Commerce
MediaKonsumenID,grok,TikTok Shop,E-Commerce
MediaKonsumenID,TikTokShop_IDN,TikTok Shop,E-Commerce
MediaKonsumenID,tokopedia,TikTok Shop,E-Commerce
MediaKonsumenID,jntexpressid,TikTok Shop,E-Commerce
APBNEGARA1,tokopedia,TikTok Shop,E-Commerce
mikrokosmuos,95thvie,TikTok Shop,E-Commerce
jntexpressid,dewantara_adhi,TikTok Shop,E-Commerce
jntexpressid,jtcargoid,TikTok Shop,E-Commerce
vegetabletouret,yappingfess,TikTok Shop,E-Commerce
fnimah_,tokopedia,TikTok Shop,E-Commerce
fnimah_,TokopediaCare,TikTok Shop,E-Commerce
Yap5gurl,picoIaser,TikTok Shop,E-Commerce
naleeccha,forcarmenx,TikTok Shop,E-Commerce
sunshinediarie,HaloBCA,TikTok Shop,E-Commerce
jsdailydose,txtharihariWNI,TikTok Shop,E-Commerce
spicynu666et,jntexpressid,TikTok Shop,E-Commerce
spicynu666et,tokopedia,TikTok Shop,E-Commerce
detikcom,detikjatim_,TikTok Shop,E-Commerce
detikcom,detikHikmah,TikTok Shop,E-Commerce
detikcom,detik_edu,TikTok Shop,E-Commerce
detikcom,detikjabar_,TikTok Shop,E-Commerce
detikcom,detik_edu,TikTok Shop,E-Commerce
96x0723,Telkomsel,TikTok Shop,E-Commerce
detikcom,detikkalimantan,TikTok Shop,E-Commerce
detikcom,detikHikmah,TikTok Shop,E-Commerce
detikcom,detiksumbagsel,TikTok Shop,E-Commerce
detikcom,detikjabar_,TikTok Shop,E-Commerce
detikcom,detikjatim_,TikTok Shop,E-Commerce
detikcom,detiksulsel_,TikTok Shop,E-Commerce
detikcom,detikjatim_,TikTok Shop,E-Commerce
detikcom,detik_properti,TikTok Shop,E-Commerce
detikcom,detikjatim_,TikTok Shop,E-Commerce
detikcom,detikjatengcom,TikTok Shop,E-Commerce
detikcom,detikjogja_,TikTok Shop,E-Commerce
detikcom,detik_edu,TikTok Shop,E-Commerce
detikcom,detik_pop,TikTok Shop,E-Commerce
detikcom,detik_properti,TikTok Shop,E-Commerce
detikcom,detik_edu,TikTok Shop,E-Commerce
detikcom,detik_edu,TikTok Shop,E-Commerce
detikcom,detik_edu,TikTok Shop,E-Commerce
detikcom,detik_edu,TikTok Shop,E-Commerce
yangwonkitty,tertawan__,TikTok Shop,E-Commerce
ktlzoom,txtharihariWNI,TikTok Shop,E-Commerce
beluthorbeluth,tiktokIDN,TikTok Shop,E-Commerce
beluthorbeluth,Kopikenangan_ID,TikTok Shop,E-Commerce
detikcom,detik_properti,TikTok Shop,E-Commerce
detikcom,detikjabar_,TikTok Shop,E-Commerce
detikcom,detikjatengcom,TikTok Shop,E-Commerce
detikcom,detikjatim_,TikTok Shop,E-Commerce
detikcom,detik_edu,TikTok Shop,E-Commerce
myskill_id,rioskybatch,TikTok Shop,E-Commerce
needjinnie,Seotulge,TikTok Shop,E-Commerce
bbyhaeyongie,uwooscu,TikTok Shop,E-Commerce
hiitsmerism,gopayindonesia,TikTok Shop,E-Commerce
hiitsmerism,gojekindonesia,TikTok Shop,E-Commerce
detikcom,detik_edu,TikTok Shop,E-Commerce
detikcom,detikjogja_,TikTok Shop,E-Commerce
rrawrpunzel,teevanich,TikTok Shop,E-Commerce
rrawrpunzel,biasgueimut,TikTok Shop,E-Commerce
detikcom,detikHikmah,TikTok Shop,E-Commerce
detikcom,detikHikmah,TikTok Shop,E-Commerce
detikcom,detikjatengcom,TikTok Shop,E-Commerce
mahardikayusuff,Telkomsel,TikTok Shop,E-Commerce
iliotroopioo,xoxodiary1112,TikTok Shop,E-Commerce
pfaalibrary,bentangpustaka,TikTok Shop,E-Commerce
_BangFu,Telkomsel,TikTok Shop,E-Commerce
chimmynunna,wondeo_full,TikTok Shop,E-Commerce
popcrwon,Myyouuuuu97,TikTok Shop,E-Commerce
giminraffe_,95thvie,TikTok Shop,E-Commerce
beruybah,damkiedd,TikTok Shop,E-Commerce
gustixa,elmaestro7110,TikTok Shop,E-Commerce
kiyowonamja,cleanitbeforego,TikTok Shop,E-Commerce
kiyowonamja,txttransportasi,TikTok Shop,E-Commerce
neweazt,ximilykiti,TikTok Shop,E-Commerce
detikcom,detik_sumbagsel,TikTok Shop,E-Commerce
detikcom,detikjatim_,TikTok Shop,E-Commerce
detikcom,detikbali__,TikTok Shop,E-Commerce
babywdol,fahzzsy,TikTok Shop,E-Commerce
detikcom,detikjatim_,TikTok Shop,E-Commerce
ameleezuy,selenophee,TikTok Shop,E-Commerce
_BangFu,Telkomsel,TikTok Shop,E-Commerce
yaudahatuhhayuk,LambeSahamjja,TikTok Shop,E-Commerce
jiqmim,laternrite,TikTok Shop,E-Commerce
AnolLimoes,virtualballers,TikTok Shop,E-Commerce
detikcom,detiksumut_,TikTok Shop,E-Commerce
hellogiaaa,r00msixhxe,TikTok Shop,E-Commerce
hellogiaaa,flashstore_id,TikTok Shop,E-Commerce
tangerinz93,azis95,TikTok Shop,E-Commerce
euncseok,evunwoo,TikTok Shop,E-Commerce
lsaaaaevr,yappingfess,TikTok Shop,E-Commerce
fairybeing,aloeceraa,TikTok Shop,E-Commerce
AlvChrist,pln_123,TikTok Shop,E-Commerce
yourmrsmoon,jntexpressid,J&T,Ekspedisi
siladibel,jntexpressid,J&T,Ekspedisi
yourmrsmoon,jntexpressid,J&T,Ekspedisi
olynyaya,jntexpressid,J&T,Ekspedisi
Dendyramd,jntexpressid,J&T,Ekspedisi
ppopcorncgv,jntexpressid,J&T,Ekspedisi
bucanorng,jntexpressid,J&T,Ekspedisi
dewantara_adhi,jntexpressid,J&T,Ekspedisi
tikionly,jntexpressid,J&T,Ekspedisi
vnovi__,jntexpressid,J&T,Ekspedisi
rzkuukies___,jntexpressid,J&T,Ekspedisi
lalayayeyo,jntexpressid,J&T,Ekspedisi
rutohwa,jntexpressid,J&T,Ekspedisi
2leemjen,jntexpressid,J&T,Ekspedisi
kidohyon,jntexpressid,J&T,Ekspedisi
TatagDoni,jntexpressid,J&T,Ekspedisi
notyourtypedek,jntexpressid,J&T,Ekspedisi
chaegorae,jntexpressid,J&T,Ekspedisi
allaboutdinds,jntexpressid,J&T,Ekspedisi
zzoxldyck,jntexpressid,J&T,Ekspedisi
info_preloved,jellypastaa,J&T,Ekspedisi
info_preloved,jntexpressid,J&T,Ekspedisi
info_preloved,jntexpressid,J&T,Ekspedisi
chicooyaaaaa,jntexpressid,J&T,Ekspedisi
chicooyaaaaa,jntexpressid,J&T,Ekspedisi
chicooyaaaaa,jntexpressid,J&T,Ekspedisi
chicooyaaaaa,jntexpressid,J&T,Ekspedisi
chicooyaaaaa,jntexpressid,J&T,Ekspedisi
chicooyaaaaa,jntexpressid,J&T,Ekspedisi
chicooyaaaaa,jntexpressid,J&T,Ekspedisi
chicooyaaaaa,jntexpressid,J&T,Ekspedisi
chicooyaaaaa,jntexpressid,J&T,Ekspedisi
chicooyaaaaa,jntexpressid,J&T,Ekspedisi
chicooyaaaaa,jntexpressid,J&T,Ekspedisi
haftstellae,jntexpressid,J&T,Ekspedisi
bainkhakim,jntexpressid,J&T,Ekspedisi
bainkhakim,tokopedia,J&T,Ekspedisi
skinatvelvet,jntexpressid,J&T,Ekspedisi
rizkidinifa22,jntexpressid,J&T,Ekspedisi
atsalasi506,jntexpressid,J&T,Ekspedisi
delisyius,jntexpressid,J&T,Ekspedisi
mush1kera,jntexpressid,J&T,Ekspedisi
ghalbrat,jntexpressid,J&T,Ekspedisi
Javvad_payno,jntexpressid,J&T,Ekspedisi
Rizuka_Miku,jntexpressid,J&T,Ekspedisi
RyuAileenn,jntexpressid,J&T,Ekspedisi
RyuAileenn,jntexpressid,J&T,Ekspedisi
febriprata97392,jntexpressid,J&T,Ekspedisi
matchalatteeee6,jntexpressid,J&T,Ekspedisi
byeongari_14,jntexpressid,J&T,Ekspedisi
byeongari_14,jntexpressid,J&T,Ekspedisi
byeongari_14,jntexpressid,J&T,Ekspedisi
Najasminne,jntexpressid,J&T,Ekspedisi
jaehyunvvife,jntexpressid,J&T,Ekspedisi
scaramouche_99,jntexpressid,J&T,Ekspedisi
shin_977,jntexpressid,J&T,Ekspedisi
zenithst_,baseconvo,J&T,Ekspedisi
zenithst_,jntexpressid,J&T,Ekspedisi
aripurahita13,jntexpressid,J&T,Ekspedisi
meruparupa,jntexpressid,J&T,Ekspedisi
meruparupa,jntexpressid,J&T,Ekspedisi
paramawari27,jntexpressid,J&T,Ekspedisi
hendrakoesmara,jntexpressid,J&T,Ekspedisi
camcamc91712778,tanyarlfes,J&T,Ekspedisi
camcamc91712778,jntexpressid,J&T,Ekspedisi
nsvrn_,jntexpressid,J&T,Ekspedisi
CiOla_l4njut,jntexpressid,J&T,Ekspedisi
mustikayzm,jntexpressid,J&T,Ekspedisi
beautiaf,jntexpressid,J&T,Ekspedisi
adi_mario123,jntexpressid,J&T,Ekspedisi
__PASMANTAP,jntexpressid,J&T,Ekspedisi
labersonly,jntexpressid,J&T,Ekspedisi
peonyverdicts,jntexpressid,J&T,Ekspedisi
minnaypon,jntexpressid,J&T,Ekspedisi
callistazee_,jntexpressid,J&T,Ekspedisi
_smokendmirror,jntexpressid,J&T,Ekspedisi
stockmapping,jntexpressid,J&T,Ekspedisi
bekalicky,SosmedAnu,J&T,Ekspedisi
bekalicky,kemendespdt,J&T,Ekspedisi
bekalicky,Kemendag,J&T,Ekspedisi
bekalicky,JNE_ID,J&T,Ekspedisi
bekalicky,jntexpressid,J&T,Ekspedisi
bekalicky,ShopeeID,J&T,Ekspedisi
bekalicky,tokopedia,J&T,Ekspedisi
bekalicky,KawanLazada,J&T,Ekspedisi
bekalicky,bukalapakcom,J&T,Ekspedisi
bekalicky,BlibliCare,J&T,Ekspedisi
adittxz,jntexpressid,J&T,Ekspedisi
moon_sera11,jntexpressid,J&T,Ekspedisi
AbuzakiAndrizal,jntexpressid,J&T,Ekspedisi
jntexpressid,jntexpressid,J&T,Ekspedisi
hedionexxx,jntexpressid,J&T,Ekspedisi
simkungjihoonie,jntexpressid,J&T,Ekspedisi
simkungjihoonie,jntexpressid,J&T,Ekspedisi
simkungjihoonie,jntexpressid,J&T,Ekspedisi
jntexpressid,jntexpressid,J&T,Ekspedisi
jntexpressid,jntexpressid,J&T,Ekspedisi
hugmewarmlyy,jntexpressid,J&T,Ekspedisi
JNECare,IfrizahIzah,J&T,Ekspedisi
JNECare,ArdyKomputer,J&T,Ekspedisi
JNECare,jntexpressid,J&T,Ekspedisi
JNECare,JNE_ID,J&T,Ekspedisi
cedricbadd,jntexpressid,J&T,Ekspedisi
RihanaPutr80496,jntexpressid,J&T,Ekspedisi
angedespoir5,jntexpressid,J&T,Ekspedisi
angedespoir5,jntexpressid,J&T,Ekspedisi
nyithatha,jntexpressid,J&T,Ekspedisi
abumbii,jntexpressid,J&T,Ekspedisi
angedespoir5,jntexpressid,J&T,Ekspedisi
angedespoir5,jntexpressid,J&T,Ekspedisi
angedespoir5,jntexpressid,J&T,Ekspedisi
angedespoir5,jntexpressid,J&T,Ekspedisi
vermouthmei,jntexpressid,J&T,Ekspedisi
awal_pondlove,jntexpressid,J&T,Ekspedisi
cjenniekim,jntexpressid,J&T,Ekspedisi
betteronsatturn,jntexpressid,J&T,Ekspedisi
betteronsatturn,tiktokIDN,J&T,Ekspedisi
angedespoir5,jntexpressid,J&T,Ekspedisi
angedespoir5,jntexpressid,J&T,Ekspedisi
angedespoir5,jntexpressid,J&T,Ekspedisi
JNECare,yoifby,J&T,Ekspedisi
JNECare,jntexpressid,J&T,Ekspedisi
JNECare,yoifby,J&T,Ekspedisi
JNECare,jntexpressid,J&T,Ekspedisi
hatearray,jntexpressid,J&T,Ekspedisi
gryffindodor,jntexpressid,J&T,Ekspedisi
0x_manic,ortuseight,J&T,Ekspedisi
0x_manic,jntexpressid,J&T,Ekspedisi
ChndyFny,jntexpressid,J&T,Ekspedisi
cutemistakess,jntexpressid,J&T,Ekspedisi
aptxproject,abelcantiko,J&T,Ekspedisi
aptxproject,castlechae_,J&T,Ekspedisi
aptxproject,jntexpressid,J&T,Ekspedisi
angedespoir5,jntexpressid,J&T,Ekspedisi
sweetnothnig,jntexpressid,J&T,Ekspedisi
otherhalfmiamor,jntexpressid,J&T,Ekspedisi
Hamdie19,jntexpressid,J&T,Ekspedisi
blueyellowrjn,jntexpressid,J&T,Ekspedisi
Richardjuan30y1,jntexpressid,J&T,Ekspedisi
ursnowflwr,jntexpressid,J&T,Ekspedisi
elweshappy,jntexpressid,J&T,Ekspedisi
JNECare,BNarararya,J&T,Ekspedisi
JNECare,jntexpressid,J&T,Ekspedisi
angedespoir5,jntexpressid,J&T,Ekspedisi
feymales,jntexpressid,J&T,Ekspedisi
chaeee_15,jntexpressid,J&T,Ekspedisi
spawnist,jntexpressid,J&T,Ekspedisi
yoloboxandrew1,Boc4h_Old,J&T,Ekspedisi
yoloboxandrew1,jntexpressid,J&T,Ekspedisi
doArvani,Boc4h_Old,J&T,Ekspedisi
doArvani,jntexpressid,J&T,Ekspedisi
angedespoir5,jntexpressid,J&T,Ekspedisi
angedespoir5,jntexpressid,J&T,Ekspedisi
wonupuyo,jntexpressid,J&T,Ekspedisi
angedespoir5,jntexpressid,J&T,Ekspedisi
purelifee_,jntexpressid,J&T,Ekspedisi
JNECare,Ndn23Shade,J&T,Ekspedisi
JNECare,JNE_ID,J&T,Ekspedisi
JNECare,jntexpressid,J&T,Ekspedisi
Resurrected_ID,Jerseyforum,J&T,Ekspedisi
Resurrected_ID,jntexpressid,J&T,Ekspedisi
angedespoir5,jntexpressid,J&T,Ekspedisi
ifeltanything,MantoJc,J&T,Ekspedisi
ifeltanything,tanyakanrl,J&T,Ekspedisi
ifeltanything,jntexpressid,J&T,Ekspedisi
ShopeeID,diannnn____,J&T,Ekspedisi
ShopeeID,ShopeeCare,J&T,Ekspedisi
ShopeeID,jntexpressid,J&T,Ekspedisi
ShopeeID,ShopeeID,J&T,Ekspedisi
ShopeeID,Shopeecare,J&T,Ekspedisi
kisra_fistya,tokopedia,J&T,Ekspedisi
kisra_fistya,jntexpressid,J&T,Ekspedisi
kisra_fistya,jntexpressid,J&T,Ekspedisi
JNECare,tukangcilokenak,J&T,Ekspedisi
JNECare,lemonsquaZes,J&T,Ekspedisi
JNECare,JNE_ID,J&T,Ekspedisi
JNECare,jntexpressid,J&T,Ekspedisi
angedespoir5,jntexpressid,J&T,Ekspedisi
yooyazz,jntexpressid,J&T,Ekspedisi
abdul_muchith,jntexpressid,J&T,Ekspedisi
amanhabsyie,jntexpressid,J&T,Ekspedisi
skyysparkle,jtcargoid,J&T,Ekspedisi
skyysparkle,jntexpressid,J&T,Ekspedisi
_hirukpikuk_,jntexpressid,J&T,Ekspedisi
_hirukpikuk_,jtcargoid,J&T,Ekspedisi
_hirukpikuk_,150K,J&T,Ekspedisi
_hirukpikuk_,780k,J&T,Ekspedisi
_hirukpikuk_,2,J&T,Ekspedisi
_hirukpikuk_,3jt,J&T,Ekspedisi
_hirukpikuk_,1JT,J&T,Ekspedisi
_hirukpikuk_,25K,J&T,Ekspedisi
_hirukpikuk_,jntexpressid,J&T,Ekspedisi
_hirukpikuk_,jtcargoid,J&T,Ekspedisi
angedespoir5,jntexpressid,J&T,Ekspedisi
zyasssss,jntexpressid,J&T,Ekspedisi
ShopeeID,punyacherish,J&T,Ekspedisi
ShopeeID,jntexpressid,J&T,Ekspedisi
ShopeeID,tokopedia,J&T,Ekspedisi
ShopeeID,Shopee_id,J&T,Ekspedisi
ShopeeID,Shopeecare,J&T,Ekspedisi
strangers304,jntexpressid,J&T,Ekspedisi
yawnzum,jntexpressid,J&T,Ekspedisi
eveningx_x,jntexpressid,J&T,Ekspedisi
TLD_Survive,jntexpressid,J&T,Ekspedisi
TLD_Survive,jntexpressid,J&T,Ekspedisi
pacarcastorice,TokopediaCare,J&T,Ekspedisi
pacarcastorice,jntexpressid,J&T,Ekspedisi
sugarsmatcha,jntexpressid,J&T,Ekspedisi
chocoberriesch,jntexpressid,J&T,Ekspedisi
cel3ste_,jntexpressid,J&T,Ekspedisi
Kiyutttiii,jntexpressid,J&T,Ekspedisi
notursugarbae,jntexpressid,J&T,Ekspedisi
marshall_inhere,jntexpressid,J&T,Ekspedisi
nyeongbao,jntexpressid,J&T,Ekspedisi
bereys_,HHaqi87,J&T,Ekspedisi
bereys_,jntexpressid,J&T,Ekspedisi
jntexpressid,tomorocoffee,J&T,Ekspedisi
Nugisuke,jntexpressid,J&T,Ekspedisi
MC_Atra,jntexpressid,J&T,Ekspedisi
famz_habsyz,jntexpressid,J&T,Ekspedisi
famz_habsyz,jntexpressid,J&T,Ekspedisi
jntexpressid,tomorocoffee,J&T,Ekspedisi
Dyanasthasia,jntexpressid,J&T,Ekspedisi
azzam_delapan,jntexpressid,J&T,Ekspedisi
azzam_delapan,jntexpressid,J&T,Ekspedisi
almadyahh,jntexpressid,J&T,Ekspedisi
ShopeeID,nims_stores,J&T,Ekspedisi
ShopeeID,jntexpressid,J&T,Ekspedisi
ShopeeID,ShopeeID,J&T,Ekspedisi
AraNiagara1,jntexpressid,J&T,Ekspedisi
dii404,jntexpressid,J&T,Ekspedisi
nanamonn_,jntexpressid,J&T,Ekspedisi
byunbear_,jntexpressid,J&T,Ekspedisi
lalapohhh16,ziicewejae,J&T,Ekspedisi
lalapohhh16,jntexpressid,J&T,Ekspedisi
rendra_cumplunk,jntexpressid,J&T,Ekspedisi
disiniCharlotte,m1n9yu_ku,J&T,Ekspedisi
disiniCharlotte,kirimpaketbesar,J&T,Ekspedisi
disiniCharlotte,jntexpressid,J&T,Ekspedisi
disiniCharlotte,jntexpressid,J&T,Ekspedisi
disiniCharlotte,kirimpaketbesar,J&T,Ekspedisi
m1n9yu_ku,kirimpaketbesar,J&T,Ekspedisi
m1n9yu_ku,jntexpressid,J&T,Ekspedisi
the_love_within,jntexpressid,J&T,Ekspedisi
AfrialdyAsyuraB,tokopedia,J&T,Ekspedisi
AfrialdyAsyuraB,TokopediaCare,J&T,Ekspedisi
AfrialdyAsyuraB,jntexpressid,J&T,Ekspedisi
devival17,jntexpressid,J&T,Ekspedisi
kireicy,jntexpressid,J&T,Ekspedisi
Peachybearfox,jntexpressid,J&T,Ekspedisi
pmysupport,jntexpressid,J&T,Ekspedisi
pmysupport,queerisy,J&T,Ekspedisi
withmorklee,queerisy,J&T,Ekspedisi
withmorklee,jntexpressid,J&T,Ekspedisi
mhxserene,queerisy,J&T,Ekspedisi
mhxserene,jntexpressid,J&T,Ekspedisi
efenerr,jntexpressid,J&T,Ekspedisi
ShopeeID,MaximilliaMaria,J&T,Ekspedisi
ShopeeID,jntexpressid,J&T,Ekspedisi
ShopeeID,MaximilliaMaria,J&T,Ekspedisi
ShopeeID,ShopeeID,J&T,Ekspedisi
rasjawa,jntexpressid,J&T,Ekspedisi
rasjawa,jntexpressid,J&T,Ekspedisi
caseip16,jntexpressid,J&T,Ekspedisi
caseip16,jtcargoid,J&T,Ekspedisi
caseip16,ShopeeCare,J&T,Ekspedisi
leavingsaturn,jntexpressid,J&T,Ekspedisi
leavingsaturn,jntexpressid,J&T,Ekspedisi
leavingsaturn,jntexpressid,J&T,Ekspedisi
miegorengsakura,jntexpressid,J&T,Ekspedisi
sridwi_k,annacarmys,J&T,Ekspedisi
sridwi_k,jntexpressid,J&T,Ekspedisi
angedespoir5,jntexpressid,J&T,Ekspedisi
jelita01ange,angedespoir5,J&T,Ekspedisi
jelita01ange,jntexpressid,J&T,Ekspedisi
jelita01ange,jntexpressid,J&T,Ekspedisi
angedespoir5,jntexpressid,J&T,Ekspedisi
zulfamaharanii,jntexpressid,J&T,Ekspedisi
zulfamaharanii,jntexpressid,J&T,Ekspedisi
angedespoir5,jntexpressid,J&T,Ekspedisi
BAWAN666ORENG,jntexpressid,J&T,Ekspedisi
BAWAN666ORENG,ShopeeXpress,J&T,Ekspedisi
dummystroy,kegblgnunfaedh,J&T,Ekspedisi
dummystroy,jntexpressid,J&T,Ekspedisi
Gamerkantoranid,jntexpressid,J&T,Ekspedisi
chandrafangli,jntexpressid,J&T,Ekspedisi
citylighteu,jntexpressid,J&T,Ekspedisi
sukochoarbi,jntexpressid,J&T,Ekspedisi
makihsk,jntexpressid,J&T,Ekspedisi
MediaKonsumenID,jntexpressid,J&T,Ekspedisi
tobeleeyciskek,jntexpressid,J&T,Ekspedisi
wigiyantz,jntexpressid,J&T,Ekspedisi
saturndust_id,jntexpressid,J&T,Ekspedisi
leengoyin,tokopedia,J&T,Ekspedisi
leengoyin,TokopediaCare,J&T,Ekspedisi
leengoyin,jntexpressid,J&T,Ekspedisi
Yuyuuuta555,jntexpressid,J&T,Ekspedisi
naseyaily,jntexpressid,J&T,Ekspedisi
drunkcollaa,jntexpressid,J&T,Ekspedisi
riooedgarr2011,jntexpressid,J&T,Ekspedisi
ShopeeID,namu_enthu,J&T,Ekspedisi
ShopeeID,ShopeeCare,J&T,Ekspedisi
ShopeeID,jntexpressid,J&T,Ekspedisi
ShopeeID,sicepat_ekspres,J&T,Ekspedisi
ShopeeID,namu_enthu,J&T,Ekspedisi
yellounjun,puppymoondae,J&T,Ekspedisi
yellounjun,jntexpressid,J&T,Ekspedisi
lietherealpjm,jntexpressid,J&T,Ekspedisi
erwin_ekaputra,jntexpressid,J&T,Ekspedisi
Rossa_nand,hyunhoii,J&T,Ekspedisi
Rossa_nand,jntexpressid,J&T,Ekspedisi
hyunhoii,jntexpressid,J&T,Ekspedisi
h3cfort,jntexpressid,J&T,Ekspedisi
angedespoir5,jntexpressid,J&T,Ekspedisi
JNECare,sastxra,J&T,Ekspedisi
JNECare,jntexpressid,J&T,Ekspedisi
kibeomiya,jntexpressid,J&T,Ekspedisi
jaehoney14_,jntexpressid,J&T,Ekspedisi
Hidupiscubaan,txtdarionlshop,J&T,Ekspedisi
Hidupiscubaan,jntexpressid,J&T,Ekspedisi
ardanayaprdipta,Nin_241,J&T,Ekspedisi
ardanayaprdipta,pzzzzzzt,J&T,Ekspedisi
ardanayaprdipta,txtdarionlshop,J&T,Ekspedisi
ardanayaprdipta,jntexpressid,J&T,Ekspedisi
Layatan1230,txtdarionlshop,J&T,Ekspedisi
Layatan1230,jntexpressid,J&T,Ekspedisi
angedespoir5,jntexpressid,J&T,Ekspedisi
altsirennn,txtdarionlshop,J&T,Ekspedisi
altsirennn,jntexpressid,J&T,Ekspedisi
kattipoasmaji,txtdarionlshop,J&T,Ekspedisi
kattipoasmaji,jntexpressid,J&T,Ekspedisi
cloudleskies,sadtvnic,J&T,Ekspedisi
cloudleskies,txtdarionlshop,J&T,Ekspedisi
cloudleskies,jntexpressid,J&T,Ekspedisi
guesswho1333,txtdarionlshop,J&T,Ekspedisi
guesswho1333,jntexpressid,J&T,Ekspedisi
guesswho1333,jntexpressid,J&T,Ekspedisi
mas_bud12,txtdarionlshop,J&T,Ekspedisi
mas_bud12,jntexpressid,J&T,Ekspedisi
mas_bud12,jntexpressid,J&T,Ekspedisi
trisyafahira,tokopedia,J&T,Ekspedisi
trisyafahira,TokopediaCare,J&T,Ekspedisi
trisyafahira,jntexpressid,J&T,Ekspedisi
akuultramennnn,jntexpressid,J&T,Ekspedisi
mcflurry_oreo_,jntexpressid,J&T,Ekspedisi
angedespoir5,jntexpressid,J&T,Ekspedisi
NATJM2525,jntexpressid,J&T,Ekspedisi
ChcooTaro10,rosvellyjane,J&T,Ekspedisi
ChcooTaro10,jntexpressid,J&T,Ekspedisi
ChcooTaro10,jntexpressid,J&T,Ekspedisi
angedespoir5,jntexpressid,J&T,Ekspedisi
angedespoir5,jntexpressid,J&T,Ekspedisi
arianstories,jntexpressid,J&T,Ekspedisi
arianstories,ShopeeID,J&T,Ekspedisi
4419kshop,jntexpressid,J&T,Ekspedisi
Chocoaddict412,jntexpressid,J&T,Ekspedisi
oxtavy,jntexpressid,J&T,Ekspedisi
aldotoptopan,jntexpressid,J&T,Ekspedisi
aldotoptopan,jntexpressjatim,J&T,Ekspedisi
safana_ryan,jntexpressid,J&T,Ekspedisi
SehaCh,jntexpressid,J&T,Ekspedisi
RejunLavota,jntexpressid,J&T,Ekspedisi
kimnnara_,jntexpressid,J&T,Ekspedisi
soondayfav,jntexpressid,J&T,Ekspedisi
bctyrq,jntexpressid,J&T,Ekspedisi
nizarhasyimi,jntexpressid,J&T,Ekspedisi
loeydeux,jntexpressid,J&T,Ekspedisi
kiimjenniejane,jntexpressid,J&T,Ekspedisi
VagaryLeather,jntexpressid,J&T,Ekspedisi
FebrianWahyuu,tokopedia,J&T,Ekspedisi
FebrianWahyuu,jntexpressid,J&T,Ekspedisi
MehbobKler,jntexpressid,J&T,Ekspedisi
MehbobKler,BPKN_RI,J&T,Ekspedisi
babywarri0r,jntexpressid,J&T,Ekspedisi
twelvekyungie,jntexpressid,J&T,Ekspedisi
twelvekyungie,jntexpressid,J&T,Ekspedisi
felix_gaultier,jntexpressid,J&T,Ekspedisi
The_One_0101,jntexpressid,J&T,Ekspedisi
cruisinglewy,jntexpressid,J&T,Ekspedisi
TeinjiDeWulf,boughil,J&T,Ekspedisi
TeinjiDeWulf,Little_secret9,J&T,Ekspedisi
TeinjiDeWulf,JNECare,J&T,Ekspedisi
TeinjiDeWulf,jntexpressid,J&T,Ekspedisi
TeinjiDeWulf,sicepat_ekspres,J&T,Ekspedisi
NamaGueAdit,jntexpressid,J&T,Ekspedisi
shiyocha,jntexpressid,J&T,Ekspedisi
2024nabung,jntexpressid,J&T,Ekspedisi
bbrintik,jntexpressid,J&T,Ekspedisi
starboyminu,jntexpressid,J&T,Ekspedisi
Hubaidiniii,jntexpressid,J&T,Ekspedisi
_gnaahc,jntexpressid,J&T,Ekspedisi
sepurrrrmalam,jntexpressid,J&T,Ekspedisi
anaabeautyy,jntexpressid,J&T,Ekspedisi
PocongSableng,jntexpressid,J&T,Ekspedisi
sugaringvampire,jntexpressid,J&T,Ekspedisi
jesslynmeliana,jntexpressid,J&T,Ekspedisi
jesslynmeliana,BonvieHaircare,J&T,Ekspedisi
adriantom25,jntexpressid,J&T,Ekspedisi
djournal_ty,jntexpressid,J&T,Ekspedisi
yuhuuhappy,jntexpressid,J&T,Ekspedisi
blessedchoke,ShopeeID,J&T,Ekspedisi
blessedchoke,jntexpressid,J&T,Ekspedisi
kopisusumaniss,jntexpressid,J&T,Ekspedisi
oosean_,jntexpressid,J&T,Ekspedisi
elphidrans,jntexpressid,J&T,Ekspedisi
dzakidj,jntexpressid,J&T,Ekspedisi
dzakidj,AsmindutAsmi,J&T,Ekspedisi
jjkkiaa,jntexpressid,J&T,Ekspedisi
tommy_dinuri,jntexpressid,J&T,Ekspedisi
tommy_dinuri,jntexpressid,J&T,Ekspedisi
chwejudy,jntexpressid,J&T,Ekspedisi
joshtjen,jntexpressid,J&T,Ekspedisi
pjsjei,jntexpressid,J&T,Ekspedisi
bertautt_,jntexpressid,J&T,Ekspedisi
indazua,discountfess,J&T,Ekspedisi
indazua,jntexpressid,J&T,Ekspedisi
suyono_novi,ShopeeID,J&T,Ekspedisi
suyono_novi,jntexpressid,J&T,Ekspedisi
woetteo,meowcatgary,SiCepat,Ekspedisi
woetteo,roblox_fess,SiCepat,Ekspedisi
morverncalar,wardigas,SiCepat,Ekspedisi
libraryofrel,saoirsoule,SiCepat,Ekspedisi
sxanctuary,taleofthehills,SiCepat,Ekspedisi
Gawonre,therevotuka,SiCepat,Ekspedisi
fatheleven,sicepat_ekspres,SiCepat,Ekspedisi
LitaaRahayu,san_ty1208,SiCepat,Ekspedisi
LitaaRahayu,wahyunidevi95,SiCepat,Ekspedisi
dfveraq,yappingfess,SiCepat,Ekspedisi
patrickharimo,PutriKayan16645,SiCepat,Ekspedisi
patrickharimo,Bsuworo,SiCepat,Ekspedisi
wawo_rizal,AdamVelcro,SiCepat,Ekspedisi
Zaeldrian,sroigne,SiCepat,Ekspedisi
minsidisjamil01,Uki23,SiCepat,Ekspedisi
Xabilonia,yogie1998168091,SiCepat,Ekspedisi
Xabilonia,Chelsdays_,SiCepat,Ekspedisi
Aira_labiba1721,arararara01,SiCepat,Ekspedisi
hi_shoyoo,shin_977,SiCepat,Ekspedisi
sstarelight,ikithsylus,SiCepat,Ekspedisi
PENJUALMIRAZ,sofyan_juve1897,SiCepat,Ekspedisi
PENJUALMIRAZ,seniman_bola,SiCepat,Ekspedisi
kulipost,dhemit_is_back,SiCepat,Ekspedisi
faizcazika,fillainart,SiCepat,Ekspedisi
zyaqff_,wakeone_offcl,SiCepat,Ekspedisi
onyourb_els,naisueu,SiCepat,Ekspedisi
sukangantukk__,KapudS640,SiCepat,Ekspedisi
sweetiemaj_,halu090799,SiCepat,Ekspedisi
DUYUDRANA,Sombadra,SiCepat,Ekspedisi
BhrePajang77547,ruliemaulana,SiCepat,Ekspedisi
blissofsatin,matchamouchi,SiCepat,Ekspedisi
ssasallisaa,dilajellybaby,SiCepat,Ekspedisi
HaryaWee,tekarok007,SiCepat,Ekspedisi
ciptanna,ShopeeID,SiCepat,Ekspedisi
ciptanna,ellbebelac,SiCepat,Ekspedisi
ciptanna,sicepat_ekspres,SiCepat,Ekspedisi
scftsunlightt,guesswho2702,SiCepat,Ekspedisi
Deans644511,Tan_Mar3M,SiCepat,Ekspedisi
dailyraaxz,ggggjcy__,SiCepat,Ekspedisi
dailyraaxz,sicepat_ekspres,SiCepat,Ekspedisi
Deans644511,kompascom,SiCepat,Ekspedisi
binhaobeen,snowz1120,SiCepat,Ekspedisi
Wintlr,prolly_threw_it,SiCepat,Ekspedisi
TaeNyPau,lacedinlines,SiCepat,Ekspedisi
wanpichitea,_Chryssanthemum,SiCepat,Ekspedisi
sangiwons,younjgyae,SiCepat,Ekspedisi
sangiwons,soujnghwan,SiCepat,Ekspedisi
aziz180501,darta92414229,SiCepat,Ekspedisi
aziz180501,SigitWasito8,SiCepat,Ekspedisi
yamato46_,MireinaRiviere,SiCepat,Ekspedisi
ifranaie,MessSamPlat,SiCepat,Ekspedisi
ifranaie,SyedAkramin,SiCepat,Ekspedisi
hans_wiranda,tanyakanrl,SiCepat,Ekspedisi
aziz180501,PaltiHutabarat,SiCepat,Ekspedisi
soberiyynie,hyangthanos,SiCepat,Ekspedisi
soberiyynie,unmagnetism,SiCepat,Ekspedisi
aziz180501,henrysubiakto,SiCepat,Ekspedisi
negmative,gevmol,SiCepat,Ekspedisi
negmative,bermuara_sayang,SiCepat,Ekspedisi
aziz180501,KompasTV,SiCepat,Ekspedisi
aziz180501,catchmeupco,SiCepat,Ekspedisi
aziz180501,CNNIndonesia,SiCepat,Ekspedisi
pwettyribbon,vitojordano,SiCepat,Ekspedisi
indrapebriana92,tempedotc0,SiCepat,Ekspedisi
indrapebriana92,b0nnysidharta,SiCepat,Ekspedisi
Penyok86_,abulmuzaffar10,SiCepat,Ekspedisi
ibnu_s_rIxiiIAs,FiersaBesari,SiCepat,Ekspedisi
ibnu_s_rIxiiIAs,grok,SiCepat,Ekspedisi
ibnu_s_rIxiiIAs,SuperGrok,SiCepat,Ekspedisi
gegh_sruii,xquitavee,SiCepat,Ekspedisi
mahirusky,xyz_baobei,SiCepat,Ekspedisi
adigseaj,IDGoonerscom,SiCepat,Ekspedisi
adigseaj,MiguelDelaney,SiCepat,Ekspedisi
ciaafe,txtharihariWNI,SiCepat,Ekspedisi
morikow_,xyenif,SiCepat,Ekspedisi
NINGandYIZHOU,flllowiee,SiCepat,Ekspedisi
suamrembulan13,mie_di_kocok,SiCepat,Ekspedisi
suamrembulan13,gambarmasjamu,SiCepat,Ekspedisi
omegaenambaik,belleunjiya,SiCepat,Ekspedisi
omegaenambaik,kamarlintang,SiCepat,Ekspedisi
saelililili,gagahmei,SiCepat,Ekspedisi
PulaumorotaiB,klubpompi,SiCepat,Ekspedisi
Babyhoneysuga,detailofkookv,SiCepat,Ekspedisi
Saturnaethra,zeiazii,SiCepat,Ekspedisi
ArtOfMadLee,OmJ_J3Nggott,SiCepat,Ekspedisi
hunniezil,lanangwn,SiCepat,Ekspedisi
M0N0LOGUES,damariuel,SiCepat,Ekspedisi
M0N0LOGUES,S0HWNU,SiCepat,Ekspedisi
M0N0LOGUES,SH0WNUAY0,SiCepat,Ekspedisi
OnixRock1902,xpejuangsepi,SiCepat,Ekspedisi
OnixRock1902,KWijono,SiCepat,Ekspedisi
OnixRock1902,jokowi,SiCepat,Ekspedisi
xxtrophile,oathofpoetry,SiCepat,Ekspedisi
MasamiRogers,barcastuff_idn,SiCepat,Ekspedisi
azuchis_kitsune,Ikeser_Melokal,SiCepat,Ekspedisi
Libnghe,Sunghooin,SiCepat,Ekspedisi
Libnghe,prolly_threw_it,SiCepat,Ekspedisi
MisnaWTB,MuhammadTuhasan,SiCepat,Ekspedisi
intanpayooong,Naiyanaa_W,SiCepat,Ekspedisi
indriraaaa,wakeone_offcl,SiCepat,Ekspedisi
indriraaaa,ALD1_official,SiCepat,Ekspedisi
indriraaaa,ALD1staff,SiCepat,Ekspedisi
ostakancaka,sulkytiger,SiCepat,Ekspedisi
ivangoyat,riekediahp,SiCepat,Ekspedisi
ivangoyat,KomnasHAM,SiCepat,Ekspedisi
ivangoyat,KomnasPerempuan,SiCepat,Ekspedisi
SS1574597214037,BBCIndonesia,SiCepat,Ekspedisi
LimaWaluSara,TimelineIDN,SiCepat,Ekspedisi
mafavjk,ulankeiko86,SiCepat,Ekspedisi
ThamShiel,DedynurPalakka,SiCepat,Ekspedisi
isaIicia,Deflictive,SiCepat,Ekspedisi
lucivhoonz,strawberryuniie,SiCepat,Ekspedisi
ohyulinguistik,naayabeingnaaya,SiCepat,Ekspedisi
nuttelea,odefib,SiCepat,Ekspedisi
nuttelea,gl8ssier,SiCepat,Ekspedisi
yovrfavbae,Celesttemere,SiCepat,Ekspedisi
YusiIndo,DoankWarto,SiCepat,Ekspedisi
Lovely_2209jy,Ayutitaagmailc1,SiCepat,Ekspedisi
Not_Anyone007,tukangdisen,SiCepat,Ekspedisi
Not_Anyone007,dekayulianto,SiCepat,Ekspedisi
Not_Anyone007,f1speed_indo,SiCepat,Ekspedisi
arsenalskitchen,a_gunner_id,SiCepat,Ekspedisi
MMblue23,Jisunghamsters,SiCepat,Ekspedisi
D_DachroN,molvscaa_,SiCepat,Ekspedisi
yslstxxib,txtharihariWNI,SiCepat,Ekspedisi
ctzynabluuu,seanjogja,SiCepat,Ekspedisi
mochramdhani24,Seph_Bimo,SiCepat,Ekspedisi
KjwObokfighting,shinswave,SiCepat,Ekspedisi
KjwObokfighting,bolosimbok,SiCepat,Ekspedisi
MeilanieAnneth,tanyarlfes,SiCepat,Ekspedisi
biduanssa,hen0ch,SiCepat,Ekspedisi
zatie_nn,RTesebelah21,SiCepat,Ekspedisi
Hello_kopi,LambeSahamjja,SiCepat,Ekspedisi
unkwntyrsy,baekim048,SiCepat,Ekspedisi
Cinddoyy,goldberrygyu,SiCepat,Ekspedisi
hooliganbdg,kusuumagusti,SiCepat,Ekspedisi
hooliganbdg,persib,SiCepat,Ekspedisi
SirJohnFastolf,bbarbieie,SiCepat,Ekspedisi
akunugrahaa,Jakartalk,SiCepat,Ekspedisi
lingua101,LambeSahamjja,SiCepat,Ekspedisi
catatanruh,lvttel,SiCepat,Ekspedisi
ciotaaa4,bebekmendung,SiCepat,Ekspedisi
OmJ_J3Nggott,Gendoet3G,SiCepat,Ekspedisi
widoublev,Tangankanancuan,SiCepat,Ekspedisi
SabaruddinSel,MalaysiaGazette,SiCepat,Ekspedisi
appaditya,KapudS640,SiCepat,Ekspedisi
appaditya,LambeSahamjja,SiCepat,Ekspedisi
kalistohenituse,BudiBukanIntel,SiCepat,Ekspedisi
Weltschmerz_98,haloakusa,SiCepat,Ekspedisi
mrtweepsID,WongAlasRoban,SiCepat,Ekspedisi
LaseAdilX,0x_Cannabis,SiCepat,Ekspedisi
fsaidhamzah,King_PWS_,SiCepat,Ekspedisi
fsaidhamzah,PDI_Perjuangan,SiCepat,Ekspedisi
JimEsjo,regar_op0sisi,SiCepat,Ekspedisi
abah_mumtaz,RagilSemar,SiCepat,Ekspedisi
abah_mumtaz,BarisanPemudaRI,SiCepat,Ekspedisi
ciotaaa4,RubySkykid15,SiCepat,Ekspedisi
ciotaaa4,nararinrin_,SiCepat,Ekspedisi
RizalRi27840524,KapudS640,SiCepat,Ekspedisi
ADina39399,DanteGizot,SiCepat,Ekspedisi
ADina39399,xendless_s,SiCepat,Ekspedisi
dandeviant,me_Sae_I,SiCepat,Ekspedisi
dandeviant,FeisiTangg,SiCepat,Ekspedisi
dandeviant,Smithyjohnwznd,SiCepat,Ekspedisi
dandeviant,mynewshub,SiCepat,Ekspedisi
tekarok007,kresbung,SiCepat,Ekspedisi
verbotenviking,VioletaCalytrix,SiCepat,Ekspedisi
aniblogsan52394,Tan_Mar3M,SiCepat,Ekspedisi
JalurS32550,pendapatpribumi,SiCepat,Ekspedisi
jstnprkx,ygent_official,SiCepat,Ekspedisi
zahraquinsha,Sentani_REBORN,SiCepat,Ekspedisi
VARca5ucl,IDGoonerscom,SiCepat,Ekspedisi
97_jnjkk,slythaerinza,SiCepat,Ekspedisi
tty2_tyty,kami_kissah,SiCepat,Ekspedisi
kanikahrmwn,clairehe1l,SiCepat,Ekspedisi
18Januari26,arya_saloka,SiCepat,Ekspedisi
nswnis,bckupacc99,SiCepat,Ekspedisi
wiyantokdr54,ebonXboy,SiCepat,Ekspedisi
wiyantokdr54,justomonD,SiCepat,Ekspedisi
wiyantokdr54,evelyndewi7,SiCepat,Ekspedisi
wiyantokdr54,jokowi,SiCepat,Ekspedisi
wiyantokdr54,killingmaster27,SiCepat,Ekspedisi
wiyantokdr54,fsaidhamzah,SiCepat,Ekspedisi
wiyantokdr54,EviDrajat,SiCepat,Ekspedisi
wiyantokdr54,AriskaPutraS,SiCepat,Ekspedisi
wiyantokdr54,a8sar6alih,SiCepat,Ekspedisi
wiyantokdr54,HumorJonTampan,SiCepat,Ekspedisi
wiyantokdr54,daliewananta,SiCepat,Ekspedisi
wiyantokdr54,Jediimar,SiCepat,Ekspedisi
wiyantokdr54,katrinrienks,SiCepat,Ekspedisi
wiyantokdr54,King_PWS_,SiCepat,Ekspedisi
wiyantokdr54,gangsterrandom,SiCepat,Ekspedisi
wiyantokdr54,Yens0906,SiCepat,Ekspedisi
wiyantokdr54,tokaidirecycle,SiCepat,Ekspedisi
wiyantokdr54,BuruCeleng96454,SiCepat,Ekspedisi
NgLelang,Desssyrosse,SiCepat,Ekspedisi
jonbasten1,0xhanyfa,SiCepat,Ekspedisi
harjisito,vvotanet,SiCepat,Ekspedisi
sorosamatsih,MorphoMenelausX,SiCepat,Ekspedisi
Soram823,flutterpaje,SiCepat,Ekspedisi
MailG_97,chairmanGLC,SiCepat,Ekspedisi
harian_madrid,SeputarMadrid,SiCepat,Ekspedisi
ZimanPargad2,regar_op0sisi,SiCepat,Ekspedisi
RizalPaputungan,f1speed_indo,SiCepat,Ekspedisi
sembilanbelas85,KapudS640,SiCepat,Ekspedisi
sembilanbelas85,prabowo,SiCepat,Ekspedisi
sembilanbelas85,pln_123,SiCepat,Ekspedisi
ashrafaf1f,Txtmlbb_,SiCepat,Ekspedisi
DN_aisyah,keluhkesahkonoh,SiCepat,Ekspedisi
physx_07,ryyo_aja,SiCepat,Ekspedisi
physx_07,tanyakanrl,SiCepat,Ekspedisi
MySaviorJesus77,zy_zy_lestary,SiCepat,Ekspedisi
bilsbilw,I_KathrinaJKT48,SiCepat,Ekspedisi
nayakayp,madshader,SiCepat,Ekspedisi
LAMPAE99,Kemlu_RI,SiCepat,Ekspedisi
LAMPAE99,Kemlu_RI,SiCepat,Ekspedisi
LAMPAE99,netanyahu,SiCepat,Ekspedisi
sylusie,SoangMedCenter,SiCepat,Ekspedisi
fsaidhamzah,evelyndewi7,SiCepat,Ekspedisi
fsaidhamzah,WeeNiDv,SiCepat,Ekspedisi
fsaidhamzah,ebonXboy,SiCepat,Ekspedisi
fsaidhamzah,a8sar6alih,SiCepat,Ekspedisi
fsaidhamzah,Hermoyliana,SiCepat,Ekspedisi
fsaidhamzah,IlhamIl31227484,SiCepat,Ekspedisi
fsaidhamzah,AntonRebor79105,SiCepat,Ekspedisi
fsaidhamzah,katrinrienks,SiCepat,Ekspedisi
fsaidhamzah,gangsterrandom,SiCepat,Ekspedisi
fsaidhamzah,EviDrajat,SiCepat,Ekspedisi
fsaidhamzah,SmileyNDeLight,SiCepat,Ekspedisi
fsaidhamzah,bungalotus25,SiCepat,Ekspedisi
fsaidhamzah,HumorJonTampan,SiCepat,Ekspedisi
fsaidhamzah,King_PWS_,SiCepat,Ekspedisi
fsaidhamzah,Rahmah0845,SiCepat,Ekspedisi
fsaidhamzah,Jediimar,SiCepat,Ekspedisi
fsaidhamzah,wiyantokdr54,SiCepat,Ekspedisi
fsaidhamzah,Pieter_Sun01,SiCepat,Ekspedisi
fsaidhamzah,Yens0906,SiCepat,Ekspedisi
fsaidhamzah,tokaidirecycle,SiCepat,Ekspedisi
fsaidhamzah,RSjahfidi,SiCepat,Ekspedisi
fsaidhamzah,ListyoSigitP,SiCepat,Ekspedisi
fsaidhamzah,SukardiYahya,SiCepat,Ekspedisi
fsaidhamzah,jokowi,SiCepat,Ekspedisi
mizukaizoki32,soneium,SiCepat,Ekspedisi
mizukaizoki32,StartaleGroup,SiCepat,Ekspedisi
mizukaizoki32,AstarNetwork,SiCepat,Ekspedisi
bojonedazai,bavkyard,SiCepat,Ekspedisi
bojonedazai,worksfess,SiCepat,Ekspedisi
FadilahMs27,straykilograms,SiCepat,Ekspedisi
FadilahMs27,ShopeeID,SiCepat,Ekspedisi
FadilahMs27,ShopeeCare,SiCepat,Ekspedisi
goodnice1286414,empty__core,SiCepat,Ekspedisi
sharpandshark,bayu56769104,SiCepat,Ekspedisi
dancol__,kamarlintang,SiCepat,Ekspedisi
karedd_,qgemini1906,SiCepat,Ekspedisi
karedd_,KapudS640,SiCepat,Ekspedisi
moviegoersphile,aryalgaw,SiCepat,Ekspedisi
moviegoersphile,MAGMAEnt,SiCepat,Ekspedisi
Biyaaa_58,officialJKT48,SiCepat,Ekspedisi
Biyaaa_58,moshi2jkt48,SiCepat,Ekspedisi
Buya_Pree_,Mia_Kyushu,SiCepat,Ekspedisi
borabuchanesu,kuromingtis,SiCepat,Ekspedisi
AbidinM12,txtdrstoryWA,SiCepat,Ekspedisi
bimbelwangi,officialJKT48,SiCepat,Ekspedisi
bimbelwangi,moshi2jkt48,SiCepat,Ekspedisi
AbidinM12,indepenSumatera,SiCepat,Ekspedisi
IrsyadArif1,iyeajadeh,SiCepat,Ekspedisi
IrsyadArif1,UTDEve,SiCepat,Ekspedisi
Goob_Goombas,TalismanGaruda1,SiCepat,Ekspedisi
Goob_Goombas,LembagaKERIS,SiCepat,Ekspedisi
rvenslyclaw,ChouSenka,SiCepat,Ekspedisi
tekarok007,imnotayu_,SiCepat,Ekspedisi
DambaanA,CCICPolri,SiCepat,Ekspedisi
DambaanA,DivHumas_Polri,SiCepat,Ekspedisi
DambaanA,CCICPolri,SiCepat,Ekspedisi
asxcen,B3doel___,SiCepat,Ekspedisi
abcdenhaipen,syankara_,SiCepat,Ekspedisi
lvsnskey,woyxoung,SiCepat,Ekspedisi
Nagabuah3,TaliUdeng,SiCepat,Ekspedisi
lvsnskey,manusiayangbeg,SiCepat,Ekspedisi
mar99435,ARSIPAJA,SiCepat,Ekspedisi
mar99435,prabowo,SiCepat,Ekspedisi
fushitobio,MikazukiArion,SiCepat,Ekspedisi
jhyn_jedam,treasuremenfess,SiCepat,Ekspedisi
luvhesarilla,chaegorae,SiCepat,Ekspedisi
luvhesarilla,yooleclerc,SiCepat,Ekspedisi
luvhesarilla,jntexpressid,SiCepat,Ekspedisi
ramdaniahmad36,tempodotco,SiCepat,Ekspedisi
Eddy4S464S,Pamankarta,SiCepat,Ekspedisi
Eddy4S464S,kenhans03,SiCepat,Ekspedisi
farhakiim,HabisNontonFilm,SiCepat,Ekspedisi
cleavzy,_nagininagini,SiCepat,Ekspedisi
cleavzy,cintakudisanahu,SiCepat,Ekspedisi
cleavzy,taufiqurra_,SiCepat,Ekspedisi
cleavzy,noodlecuddle,SiCepat,Ekspedisi
cleavzy,noverita_must,SiCepat,Ekspedisi
cleavzy,hrdbacot,SiCepat,Ekspedisi
ZabilaZan17585,yerisgood,SiCepat,Ekspedisi
urvdoy23,ggukygi,SiCepat,Ekspedisi
urvdoy23,lovingnetjj,SiCepat,Ekspedisi
kimbrleas,eulraei,SiCepat,Ekspedisi
hendrie_1985,ARSIPAJA,SiCepat,Ekspedisi
RahmaTasbi,Ayutitaagmailc1,SiCepat,Ekspedisi
Matt_Rodjack,Boediantar4,SiCepat,Ekspedisi
Magentainthesky,kompascom,SiCepat,Ekspedisi
Anwarbohebo,empty__core,SiCepat,Ekspedisi
confucksed,tanyakanrl,SiCepat,Ekspedisi
ajengmi,tanyakanrl,SiCepat,Ekspedisi
TwintaKumala,sinemart_ph,SiCepat,Ekspedisi
TwintaKumala,SCTV,SiCepat,Ekspedisi
Ayummy37,txtfrombrand,SiCepat,Ekspedisi
rajapeanutbuter,mhuseinali,SiCepat,Ekspedisi
minsugar__,18fesss,SiCepat,Ekspedisi
DoomCaptai87703,keluhkesahkonoh,SiCepat,Ekspedisi
isboygood,sicepat_ekspres,SiCepat,Ekspedisi
DibajakMeng,archeerl,SiCepat,Ekspedisi
IDASH_Offi,cleuponn,SiCepat,Ekspedisi
dinosbinos06,Xbacottetangga,SiCepat,Ekspedisi
jelasngamuk,tanyarlfes,SiCepat,Ekspedisi
cvntiehpya,UulRahman2,SiCepat,Ekspedisi
BinocularEye5,Hnirankara,SiCepat,Ekspedisi
sugikleo06,N_IntanJKT48,SiCepat,Ekspedisi
RiziqGuntur,setia1heri,SiCepat,Ekspedisi
RiziqGuntur,niwseir,SiCepat,Ekspedisi
NDevrialdo81837,barcastuff_idn,SiCepat,Ekspedisi
lvsnskey,tanyakanrl,SiCepat,Ekspedisi
JLion555,moizz168,SiCepat,Ekspedisi
